OBJECT_NAME;MISSION;PROGRAM;PARENT;NSSDCID;COSPARID;LAUNCH_EPOCH;LAUNCHER;LAUNCH_SITE;OPERATORS;NATION;BUS_TYPE;MASS_TOT;MASS_DRY;POWER;TARGET;TRAJECTORY_COMMENT;RESULT;FAILURE_REASON;RESULT_COMMENT;DISPOSAL_STRATEGY;LAST_KNOWN_BODY;LAST_KNOWN_STATUS;LAST_KNOWN_STATUS_EPOCH;OBSERVATION;OBS_REFERENCE;LAST_KNOWN_LATITUDE;LAST_KNOWN_LONGITUDE;HORIZONS;PERIAPSIS;APOAPSIS;SMA;PERIOD;ECC;INCLINATION;RAAN;AOP;PERIAPSIS_TIME;MEAN_AN;MEAN_AN_EPOCH;SHAPE;SIZE_1;SIZE_2;REFERENCE_NOTES
Pioneer 0;Pioneer 0;Pioneer;-;ABLE1;ABLE1;17/08/1958;Thor-Able;Cape Canaveral, United States;Department of Defense-Department of the Air Force ;USA;R-ORB;;38.1;Unknown;Orbit;LLO;Unproven;Launcher failure;;Unknown;E;Destroyed during launch;17/08/1958;;;;;;;;;;;;;;;;;;;;Siddiqi, Asif A. Beyond Earth: A Chronicle of Deep Space Exploration, 1958-2016. NASA History Program Office, 2018.
Luna 1958A;Luna 1958A;Luna;-;N/A;N/A;23/09/1958;SL-3/A-1;Tyuratam (Baikonur Cosmodrome), U.S.S.R;Unknown;USSR;R-IMP;;360;Unknown;Impact;;Unproven;Launcher failure;;Moon impact;E;Destroyed during launch;23/09/1958;;;;;;;;;;;;;;;;;;;;
Luna 1958B;Luna 1958B;Luna;-;N/A;N/A;11/10/1958;SL-3/A-1;Tyuratam (Baikonur Cosmodrome), U.S.S.R;Unknown;USSR;R-IMP;;360;Unknown;Impact;;Unproven;Launcher failure;;Moon impact;E;Destroyed during launch;11/10/1958;;;;;;;;;;;;;;;;;;;;
Pioneer 1;Pioneer 1;Pioneer;-;1958-007A;1958-007A;11/10/1958;Thor-Able;Cape Canaveral, United States;Department of Defense-Department of the Air Force , NASA-Office of Space Science Applications ;USA;R-ORB;;34.2;Unknown;Orbit;;Unproven;Launcher failure;Earth orbit;Unknown;E;Destroyed during launch;13/10/1958;;;;;;;;;;;;;;;;;;;;
Pioneer 2;Pioneer 2;Pioneer;-;PION2;N/A;08/11/1958;Thor-Able;Cape Canaveral, United States;NASA-Office of Space Science Applications , Space Technology Laboratories ;USA;R-ORB;;39.2;Unknown;Orbit;;Unproven;Launcher failure;Earth sub-orbital trajectory;Unknown;E;Destroyed during re-entry;08/11/1958;;;;;;;;;;;;;;;;;;;;
Luna 1958C;Luna 1958C;Luna;-;N/A;N/A;04/12/1958;SL-3/A-1;Tyuratam (Baikonur Cosmodrome), U.S.S.R;Unknown;USSR;R-IMP;;156;Unknown;Impact;;Unproven;Launcher failure;;Moon impact;E;Destroyed during launch;04/12/1958;;;;;;;;;;;;;;;;;;;;
Pioneer 3;Pioneer 3;Pioneer;-;1958-008A;1958-008A;06/12/1958;Juno 2 (Juno II);Cape Canaveral, United States;Department of Defense-Department of the Army , NASA-Office of Space Science Applications ;USA;R-ORB;;5.87;Unknown;Fly-by;;Unproven;Launcher failure;Earth orbit;Heliocentric orbit;E;Destroyed during re-entry;07/12/1958;;;;;;;;;;;;;;;;;;;;
Luna 1;Luna 1;Luna;-;1959-012A;1959-012A;02/01/1959;Modified SS-6 (Sapwood) with 1st Generation Upper Stage;Tyuratam (Baikonur Cosmodrome), U.S.S.R;Unknown;USSR;R-IMP;;361;Unknown;Impact;;Partial success;Operational error;Accidental Fly-by (first);Moon impact;S;Orbit (Sun);Unknown;yes;;;;No;0.98;1.32;1.15;450.0996062;0.14767;0.01;;;;;;sphere;2;0.56;Siddiqi, Asif A. Beyond Earth: A Chronicle of Deep Space Exploration, 1958-2016. NASA History Program Office, 2018.
Pioneer 4;Pioneer 4;Pioneer;-;1959-013A;1959-013A;03/03/1959;Juno 2 (Juno II);Cape Canaveral, United States;Department of Defense-Department of the Army , NASA-Office of Space Science Applications ;USA;R-ORB;;6.1;Unknown;Fly-by;;Partial success;Spacecraft malfunction;the flyby was too high;Heliocentric orbit;S;Orbit (Sun);18/03/1959;;;;;No;0.98;1.13;1.055;395.4946035;0.07109;29.9;;;;;;cone;0.6;0.115;
Luna 1959A;Luna 1959A;Luna;-;N/A;N/A;18/06/1959;SL-3/A-1;Tyuratam (Baikonur Cosmodrome), U.S.S.R;Unknown;USSR;R-IMP;;390;Unknown;Impact;;Unproven;Launcher failure;;Moon impact;E;Destroyed during launch;18/06/1959;;;;;;;;;;;;;;;;;;;;
Luna 2;Luna 2;Luna;-;1959-014A;1959-014A;12/09/1959;Modified SS-6 (Sapwood) with 2nd Generation (Longer) Upper Stage;Tyuratam (Baikonur Cosmodrome), U.S.S.R;Unknown;USSR;R-IMP;;390.2;Unknown;Impact;;Success;;First spacecraft to impact the Moon's surface;Moon impact;M;Impacted (commanded);14/09/1959;estimated (most estimates give it as within the range 29 to 31 N, 1 W to 1 E);a;30;0;;;;;;;;;;;;;;;;
Luna 2 Upper Stage;Luna 2;Luna;-;1959-014A;1959-014A;12/09/1959;Modified SS-6 (Sapwood) with 2nd Generation (Longer) Upper Stage;Tyuratam (Baikonur Cosmodrome), U.S.S.R;Unknown;USSR;R-LAU;;390.2;Unknown;Impact;;Success;;;Moon impact;M;Impacted (commanded);14/09/1959;;b;Unknown;Unknown;;;;;;;;;;;;;;;;
Luna 3;Luna 3;Luna;-;1959-008A;1959-008A;04/10/1959;Modified SS-6 (Sapwood) with 1st Generation Upper Stage;Tyuratam (Baikonur Cosmodrome), U.S.S.R;Unknown;USSR;R-ORB;;278.5;Unknown;Fly-by;;Success;;First pictures of the lunar farside.;Destructive Earth re-entry;E;Destroyed during re-entry;29/03/1960;;https://www.orbitalfocus.uk/Diaries/Luna/Luna03.php;;;;;;;;;;;;;;;;;;
Pioneer P-3;Pioneer P-3;Pioneer;-;PIONX;N/A;26/11/1959;Atlas-Able;Cape Canaveral, United States;NASA-Office of Space Science Applications ;USA;R-ORB;;168.7;Unknown;Orbit;;Unproven;Launcher failure;;Unknown;E;Destroyed during launch;26/11/1959;;;;;;;;;;;;;;;;;;;;
Luna 1960A;Luna 1960A;Luna;-;N/A;N/A;15/04/1960;SL-3/A-1;Tyuratam (Baikonur Cosmodrome), U.S.S.R;Unknown;USSR;R-ORB;;280;Unknown;Fly-by;;Unproven;Launcher failure;;Moon impact;E;Destroyed during launch;15/04/1960;;;;;;;;;;;;;;;;;;;;
Luna 1960B;Luna 1960B;Luna;-;N/A;N/A;16/04/1960;SL-3/A-1;Tyuratam (Baikonur Cosmodrome), U.S.S.R;Unknown;USSR;R-ORB;;280;Unknown;Fly-by;;Unproven;Launcher failure;;Moon impact;E;Destroyed during launch;16/04/1960;;;;;;;;;;;;;;;;;;;;
Pioneer P-30;Pioneer P-30;Pioneer;-;PIONY;N/A;25/09/1960;Atlas-Able;Cape Canaveral, United States;NASA-Office of Space Science Applications ;USA;R-ORB;;175.5;Unknown;Orbit;;Unproven;Launcher failure;;Unknown;E;Destroyed during re-entry;25/09/1960;;;;;;;;;;;;;;;;;;;;
Pioneer P-31;Pioneer P-31;Pioneer;-;PIONZ;N/A;15/12/1960;Atlas-Able;Cape Canaveral, United States;NASA-Office of Space Science Applications ;USA;R-ORB;;175;Unknown;Orbit;;Unproven;Launcher failure;;Unknown;E;Destroyed during re-entry;15/12/1960;;;;;;;;;;;;;;;;;;;;
Ranger 3;Ranger 3;Ranger;-;1962-001A;1962-001A;26/01/1962;Atlas-Agena B;Cape Canaveral, United States;NASA-Office of Space Science Applications ;USA;R-IMP;;329.8;135;Impact;;Failure;Spacecraft malfunction;Accidental Fly-by;Moon impact;S;Orbit (Sun);Unknown;yes;;;;No;0.985;1.164;1.0745;406.5102515;0.083;0.4;;;;;;hexagonal;5.2;1.5;Satlist: https://www.satlist.nl/index.html
Ranger 4;Ranger 4;Ranger;-;1962-012A;1962-012A;23/04/1962;Atlas-Agena B;Cape Canaveral, United States;NASA-Office of Space Science Applications ;USA;R-IMP;;331.1;135;Impact;;Failure;Spacecraft malfunction;;Moon impact;M;Impacted (unintentional);26/04/1962;?;c;-15.5;229.3;;;;;;;;;;;;;;;;
Ranger 5;Ranger 5;Ranger;-;1962-055A;1962-055A;18/10/1962;Atlas-Agena B;Cape Canaveral, United States;NASA-Office of Space Science Applications ;USA;R-IMP;;342.5;135;Impact;;Failure;Spacecraft malfunction;Accidental Fly-by;Moon impact;S;Orbit (Sun);Unknown;yes;;;;No;0.951;1.064;1.0075;369.0876;0.056;0.41;;;;;;hexagonal;5.2;1.5;Satlist 
Sputnik 25;Sputnik 25;Luna;-;1963-001A;1963-001A;04/01/1963;SL-6/A-2-e/Molniya/8K78;Tyuratam (Baikonur Cosmodrome), U.S.S.R;Unknown;USSR;R-LND;;1420;Unknown;Soft landing;;Unproven;Launcher failure;Reached Earth orbit;Moon surface;E;Destroyed during re-entry;05/01/1963;;;;;;;;;;;;;;;;;;;;
Luna 1963B;Luna 1963B;Luna;-;N/A;N/A;03/02/1963;SL-6/A-2-e/Molniya/8K78;Tyuratam (Baikonur Cosmodrome), U.S.S.R;Unknown;USSR;R-LND;;1420;Unknown;Soft landing;;Unproven;Launcher failure;;Moon surface;E;Destroyed during launch;03/02/1963;;;;;;;;;;;;;;;;;;;;
Luna 4;Luna 4;Luna;-;1963-008B;1963-008B;02/04/1963;Modified SS-6 (Sapwood) with 2nd Generation Upper Stage + Escape Stage;Tyuratam (Baikonur Cosmodrome), U.S.S.R;Unknown;USSR;R-LND;;1422;Unknown;Soft landing;;Failure;Spacecraft malfunction;Accidental Fly-by;Moon surface;E;Orbit (Earth);07/04/1963;no;;;;No;96370 (?);706370 (?);401370;29.29816682;0.76;65 (?);;;;;;cylinder;7.15;2.6;"taken from text of nssdc, it's not clear if the spacecraft was ejected or not,  BARYCENTRIC ORBIT (EARTH-MOON), ""https://www.planet4589.org/space/deepcat/tab2.html"""
Ranger 6;Ranger 6;Ranger;-;1964-007A;1964-007A;30/01/1964;Atlas-Agena B;Cape Canaveral, United States;NASA-Office of Space Science Applications ;USA;R-IMP;;381;200;Impact;;Partial success;Spacecraft malfunction;;Moon impact;M;Impacted (commanded);02/02/1964;LRO;d;9.3864;21.4806;;;;;;;;;;;;;;;;
Luna 1964A;Luna 1964A;Luna;-;N/A;N/A;21/03/1964;SL-6/A-2-e/Molniya/8K78;Tyuratam (Baikonur Cosmodrome), U.S.S.R;Unknown;USSR;R-LND;;1420;Unknown;Soft landing;;Unproven;Launcher failure;;Moon surface;E;Destroyed during launch;21/03/1964;;;;;;;;;;;;;;;;;;;;
Luna 1964B;Luna 1964B;Luna;-;N/A;N/A;20/04/1964;SL-6/A-2-e/Molniya/8K78;Tyuratam (Baikonur Cosmodrome), U.S.S.R;Unknown;USSR;R-LND;;1420;Unknown;Soft landing;;Unproven;Launcher failure;;Moon surface;E;Destroyed during launch;20/04/1964;;;;;;;;;;;;;;;;;;;;
Ranger 7;Ranger 7;Ranger;-;1964-041A;1964-041A;28/07/1964;Atlas-Agena B;Cape Canaveral, United States;NASA-Office of Space Science Applications ;USA;R-IMP;;365.7;200;Impact;;Success;;first U.S. close-up pictures of the Moon;Moon impact;M;Impacted (commanded);31/07/1964;LRO;d;-10.634;339.323;;;;;;;;;;;;;;;;
Ranger 8;Ranger 8;Ranger;-;1965-010A;1965-010A;17/02/1965;Atlas-Agena B;Cape Canaveral, United States;NASA-Office of Space Science Applications ;USA;R-IMP;;367;200;Impact;;Success;;;Moon impact;M;Impacted (commanded);20/02/1965;LRO;d;2.6376;24.7881;;;;;;;;;;;;;;;;
Cosmos 60;Cosmos 60;Cosmos;-;1965-018A;1965-018A;12/03/1965;Molniya;Tyuratam (Baikonur Cosmodrome), U.S.S.R;Unknown;USSR;R-LND;;6530;Unknown;Soft landing;;Unproven;Launcher failure;;Moon surface;E;Destroyed during re-entry;17/03/1965;;;;;;;;;;;;;;;;;;;;
Ranger 9;Ranger 9;Ranger;-;1965-023A;1965-023A;21/03/1965;Atlas-Agena B;Cape Canaveral, United States;NASA-Office of Space Science Applications ;USA;R-IMP;;367;200;Impact;;Success;;;Moon impact;M;Impacted (commanded);24/03/1965;LRO;d;-12.8281;357.6116;;;;;;;;;;;;;;;;
Luna 1965A;Luna 1965A;Luna;-;1965-077A;1965-077A;10/04/1965;SL-6/A-2-e/Molniya/8K78;Tyuratam (Baikonur Cosmodrome), U.S.S.R;Unknown;USSR;R-LND;;1504;Unknown;Soft landing;;Unproven;Launcher failure;;Moon surface;E;Destroyed during launch;10/04/1965;;;;;;;;;;;;;;;;;;;;
Luna 5;Luna 5;Luna;-;1965-036A;1965-036A;09/05/1965;Modified SS-6 (Sapwood) with 2nd Generation Upper Stage + Escape Stage;Tyuratam (Baikonur Cosmodrome), U.S.S.R;Unknown;USSR;R-LND;;1476;Unknown;Soft landing;;Failure;Spacecraft malfunction;;Moon surface;M;Impacted (unintentional);12/05/1965;"estimated (Other analyses and reports give a wide range of possible impact sites: 1.6 S, 25 W; 8.17 N, 23.43 W; 30 S, 8 W; and 31 S, 8 W)";e;-1.35;334.52;;;;;;;;;;;;;;;;
Luna 6;Luna 6;Luna;-;1965-044A;1965-044A;08/06/1965;Modified SS-6 (Sapwood) with 2nd Generation Upper Stage + Escape Stage;Tyuratam (Baikonur Cosmodrome), U.S.S.R;Unknown;USSR;R-LND;;1442;Unknown;Soft landing;;Failure;Spacecraft malfunction;Accidental Fly-by;Moon surface;S;Orbit (Sun);Unknown;;;;;No;0,9 (?);1,1 (?);1;364.9739539;0.1;0 (?);;;;;;cylinder;2.6;1;https://www.planet4589.org/space/deepcat/tab2.html
Zond 3;Zond 3;Zond;-;1965-056A;1965-056A;18/07/1965;Modified SS-6 (Sapwood) with 2nd Generation Upper Stage + Escape Stage;Tyuratam (Baikonur Cosmodrome), U.S.S.R;Unknown;USSR;R-ORB;;960;Unknown;Fly-by;;Success;;;Unknown;S;Orbit (Sun);Unknown;;;;;No;0.9;1.56;1.23;497.8741061;0.2683;0.5;;;;;;irregular;2.5;1;
Luna 7;Luna 7;Luna;-;1965-077A;1965-077A;04/10/1965;Modified SS-6 (Sapwood) with 2nd Generation Upper Stage + Escape Stage;Tyuratam (Baikonur Cosmodrome), U.S.S.R;Unknown;USSR;R-LND;;1504;Unknown;Soft landing;;Failure;Spacecraft malfunction;attitude system failed to activateretro;Moon surface;M;Impacted (unintentional);07/10/1965;estimated;c;9;311;;;;;;;;;;;;;;;;
Luna 8;Luna 8;Luna;-;1965-099A;1965-099A;03/12/1965;Modified SS-6 (Sapwood) with 2nd Generation Upper Stage + Escape Stage;Tyuratam (Baikonur Cosmodrome), U.S.S.R;Unknown;USSR;R-LND;;1552;Unknown;Soft landing;;Failure;Spacecraft malfunction;;Moon surface;M;Impacted (unintentional);06/12/1965;;c;9.1;296.7;;;;;;;;;;;;;;;;
Luna 9;Luna 9;Luna;-;1966-006A;1966-006A;31/01/1966;Modified SS-6 (Sapwood) with 2nd Generation Upper Stage + Escape Stage;Tyuratam (Baikonur Cosmodrome), U.S.S.R;Unknown;USSR;R-LND;;99;Unknown;Soft landing;;Success;; first lunar soft landing and first picture from the lunar surface;Moon surface;M;Soft landed (Moon);03/02/1966;;f;7.13;295.63;;;;;;;;;;;;;;;;Saddiqi has it at 7°8'N and 64°22' W
Cosmos 111;Cosmos 111;Cosmos;-;1966-017A;1966-017A;01/03/1966;Molniya-M;Tyuratam (Baikonur Cosmodrome), U.S.S.R;Unknown;USSR;R-ORB;;6540;Unknown;Orbit;;Unproven;Launcher failure;;Moon impact;E;Destroyed during re-entry;03/03/1966;;;;;;;;;;;;;;;;;;;;NSSDC (disposal strategy deduced by the fact that this mission was the same as Luna 10)
Luna 10;Luna 10;Luna;-;1966-027A;1966-027A;31/03/1966;Modified SS-6 (Sapwood) with 2nd Generation Upper Stage + Escape Stage;Tyuratam (Baikonur Cosmodrome), U.S.S.R;Unknown;USSR;R-ORB;;245;Unknown;Orbit;;Success;;First lunar orbiter;Moon impact;M;Impacted (orbit decay);Unknown (1966)   ;;g;Unknown;Unknown;;;;;;;;;;;;;;;;
Luna 1966A;Luna 1966A;Luna;-;N/A;N/A;30/04/1966;SL-6/A-2-e/Molniya/8K78;Tyuratam (Baikonur Cosmodrome), U.S.S.R;Unknown;USSR;R-LND;;;Unknown;Soft landing;;Unproven;Launcher failure;;Moon surface;E;Destroyed during launch;30/04/1966;;;;;;;;;;;;;;;;;;;;
Surveyor 1;Surveyor 1;Surveyor;-;1966-045A;1966-045A;30/05/1966;Atlas-Centaur;Cape Canaveral, United States;NASA-Office of Space Science Applications ;USA;R-LND;;294.3;Unknown;Soft landing;;Success;; first U.S. Moon landing and first U.S. photo from the lunar surface.;Moon surface;M;Soft landed (Moon);02/06/1966;LRO;d;-2.4745;316.6602;;;;;;;;;;;;;;;;
EXPLORER 33;Explorer 33;Explorer;-;1966-058A;1966-058A;01/07/1966;Thor Delta E-1;Cape Canaveral, United States;NASA;USA;R-ORB;;93.4;42.8;Orbit;;Failure;Launcher failure;Too much speed ;Unknown;E;Orbit (Earth);Unknown;;;;;No;272049;487132;379590.5;26.94611054;0.283;24.14;173.54;119.2;;21.79;05/12/1971 12:00;irregular;1.12;0.71;Space track and Satlist
Lunar Orbiter 1;Lunar Orbiter 1;Lunar Orbiter;-;1966-073A;1966-073A;10/08/1966;Atlas-Agena D;Cape Canaveral, United States;NASA-Office of Space Science Applications ;USA;R-ORB;;385.6;375;Orbit;;Success;;;Moon impact;M;Impacted (commanded);29/10/1966;estimated (conflict ref);h;6.35;160.71;;;;;;;;;;;;;;;;
Luna 11;Luna 11;Luna;-;1966-078A;1966-078A;24/08/1966;Modified SS-6 (Sapwood) with 2nd Generation Upper Stage + Escape Stage;Tyuratam (Baikonur Cosmodrome), U.S.S.R;Unknown;USSR;R-ORB;;3616;Unknown;Orbit;;Success;;;Moon impact;M;Impacted (orbit decay);Unknown (1966)   ;;g;Unknown;Unknown;;;;;;;;;;;;;;;;
Surveyor 2;Surveyor 2;Surveyor;-;1966-084A;1966-084A;20/09/1966;Atlas-Centaur;Cape Canaveral, United States;NASA-Office of Space Science Applications ;USA;R-LND;;292;Unknown;Soft landing;;Failure;Spacecraft malfunction;;Moon surface;M;Impacted (unintentional);23/09/1966;estimated;c;5.5;348;;;;;;;;;;;;;;;;
Luna 12;Luna 12;Luna;-;1966-094A;1966-094A;22/10/1966;Modified SS-6 (Sapwood) with 2nd Generation Upper Stage + Escape Stage;Tyuratam (Baikonur Cosmodrome), U.S.S.R;Unknown;USSR;R-ORB;;1620;Unknown;Orbit;;Success;;;Moon impact;M;Impacted (orbit decay);Unknown (1967)   ;;g;Unknown;Unknown;;;;;;;;;;;;;;;;
Lunar Orbiter 2;Lunar Orbiter 2;Lunar Orbiter;-;1966-100A;1966-100A;06/11/1966;Atlas-Agena D;Cape Canaveral, United States;NASA-Office of Space Science Applications ;USA;R-ORB;;385.6;375;Orbit;;Success;;;Moon impact;M;Impacted (commanded);11/10/1967;estimated (conflict ref);j;3;119.1;;;;;;;;;;;;;;;;
Luna 13;Luna 13;Luna;-;1966-116A;1966-116A;21/12/1966;Modified SS-6 (Sapwood) with 2nd Generation Upper Stage + Escape Stage;Tyuratam (Baikonur Cosmodrome), U.S.S.R;Unknown;USSR;R-LND;;1620;Unknown;Soft landing;;Success;;;Moon surface;M;Soft landed (Moon);24/12/1966;TASS communiques;c;18.87;297.95;;;;;;;;;;;;;;;;Saddiqi has it at 18°52'N and 62°3' W
Lunar Orbiter 3;Lunar Orbiter 3;Lunar Orbiter;-;1967-008A;1967-008A;05/02/1967;Atlas-Agena D;Cape Canaveral, United States;NASA-Office of Space Science Applications ;USA;R-ORB;;385.6;375;Orbit;;Partial success;Spacecraft malfunction;camera failure;Moon impact;M;Impacted (commanded);09/10/1967;estimated (conflict ref);j;14.3;267.3;;;;;;;;;;;;;;;;
Surveyor 3;Surveyor 3;Surveyor;-;1967-035A;1967-035A;17/04/1967;Atlas-Centaur;Cape Canaveral, United States;NASA-Office of Space Science Applications ;USA;R-LND;;296;Unknown;Soft landing;;Success;;visited on the Moon by Apollo 12 crew.;Moon surface;M;Soft landed (Moon);20/04/1967;LRO;d;-3.0162;346.582;;;;;;;;;;;;;;;;
Lunar Orbiter 4;Lunar Orbiter 4;Lunar Orbiter;-;1967-041A;1967-041A;04/05/1967;Atlas-Agena D;Cape Canaveral, United States;NASA-Office of Space Science Applications ;USA;R-ORB;;385.6;375;Orbit;;Partial success;Spacecraft malfunction;camera failure;Moon impact;M;Impacted (orbit decay);Unknown (1967)   ;;k;Unknown;Unknown;;;;;;;;;;;;;;;;
Surveyor 4;Surveyor 4;Surveyor;-;1967-068A;1967-068A;14/07/1967;Atlas-Centaur;Cape Canaveral, United States;NASA-Office of Space Science Applications ;USA;R-LND;;283;Unknown;Soft landing;;Failure;Lander failure;;Moon surface;M;Impacted (unintentional);17/07/1967;estimated;i;0.5;358.5;;;;;;;;;;;;;;;;
Explorer 35;Explorer 35;Explorer;-;1967-070A;1967-070A;19/07/1967;Delta;Cape Canaveral, United States;NASA-Office of Space Science Applications ;USA;R-ORB;;230;Unknown;Orbit;;Success;;;Moon impact;M;Impacted (orbit decay);Unknown;no;g;Unknown;Unknown;;;;;;;;;;;;;;;;
Lunar Orbiter 5;Lunar Orbiter 5;Lunar Orbiter;-;1967-075A;1967-075A;01/08/1967;Atlas-Agena D;Cape Canaveral, United States;NASA-Office of Space Science Applications ;USA;R-ORB;;385.6;375;Orbit;;Success;;;Moon impact;M;Impacted (commanded);31/01/1968;estimated;l;-2.79;276.96;;;;;;;;;;;;;;;;
Surveyor 5;Surveyor 5;Surveyor;-;1967-084A;1967-084A;08/09/1967;Atlas-Centaur;Cape Canaveral, United States;NASA-Office of Space Science Applications ;USA;R-LND;;303;Unknown;Soft landing;;Success;;;Moon surface;M;Soft landed (Moon);11/09/1967;LRO;d;1.4551;23.1943;;;;;;;;;;;;;;;;
Surveyor 6;Surveyor 6;Surveyor;-;1967-112A;1967-112A;07/11/1967;Atlas-Centaur;Cape Canaveral, United States;NASA-Office of Space Science Applications ;USA;R-LND;;299.6;Unknown;Soft landing;;Success;;;Moon surface;M;Soft landed (Moon);10/11/1967;LRO;d;0.4742;358.5725;;;;;;;;;;;;;;;;
Surveyor 7;Surveyor 7;Surveyor;-;1968-001A;1968-001A;07/01/1968;Atlas-Centaur;Cape Canaveral, United States;NASA-Office of Space Science Applications ;USA;R-LND;;305.7;Unknown;Soft landing;;Success;;;Moon surface;M;Soft landed (Moon);10/01/1968;LRO;d;-40.9812;348.4873;;;;;;;;;;;;;;;;
Luna 1968A;Luna 1968A;Luna;-;N/A;N/A;07/02/1968;SL-6/A-2-e/Molniya/8K78;Tyuratam (Baikonur Cosmodrome), U.S.S.R;Unknown;USSR;R-ORB;;;Unknown;Orbit;;Unproven;Launcher failure;;Unknown;E;Destroyed during launch;07/02/1968;;;;;;;;;;;;;;;;;;;;
Luna 14;Luna 14;Luna;-;1968-027A;1968-027A;07/04/1968;Modified SS-6 (Sapwood) with 2nd Generation Upper Stage + Escape Stage;Tyuratam (Baikonur Cosmodrome), U.S.S.R;Unknown;USSR;R-ORB;;1700;Unknown;Orbit;;Success;;;Moon impact;M;Impacted (orbit decay);Unknown;;g;Unknown;Unknown;;;;;;;;;;;;;;;;
Zond 1968A;Zond 1968A;Zond;-;N/A;N/A;22/04/1968;SL-12/D-1-e;Tyuratam (Baikonur Cosmodrome), U.S.S.R;Unknown;USSR;C-ORB-U;;;Unknown;Fly-by;;Unproven;Launcher failure;;Earth soft landing;E;Destroyed during launch;22/04/1968;;;;;;;;;;;;;;;;;;;;
Zond 5;Zond 5;Zond;-;1968-076A;1968-076A;14/09/1968;Proton Booster Plus Upper Stage and Escape Stages;Tyuratam (Baikonur Cosmodrome), U.S.S.R;Unknown;USSR;R-ORB;;5375;Unknown;Fly-by;;Success;;first living creatures to fly past the Moon;Earth soft landing;E;Soft landed (Earth);21/09/1968;;;;;;;;;;;;;;;;;;;;
Zond 6;Zond 6;Zond;-;1968-101A;1968-101A;10/11/1968;Proton Booster Plus Upper Stage and Escape Stages;Tyuratam (Baikonur Cosmodrome), U.S.S.R;Unknown;USSR;R-ORB;;5375;Unknown;Fly-by;;Success;;animal cargo lost on landing.;Earth soft landing;E;Soft landed (Earth);17/11/1968;;;;;;;;;;;;;;;;;;;;
Apollo 8 Command Module;Apollo 8;Apollo;-;1968-118A;1968-118A;21/12/1968;Saturn 5;Cape Canaveral, United States;NASA-Office of Manned Space Flight ;USA;C-ORB;;28817;Unknown;Orbit;LLO;Success;;;Earth soft landing;E;Soft landed (Earth);27/12/1968;;;;;;;;;;;;;;;;;;;;
Apollo 8 Service Module;Apollo 8;Apollo;-;1968-118A;1968-118A;21/12/1968;Saturn 5;Cape Canaveral, United States;NASA-Office of Manned Space Flight ;USA;R-ORB;;;Unknown;Orbit;LLO;Success;;;Destructive Earth re-entry;E;Destroyed during re-entry;27/12/1968;;;;;;;;;;;;;;;;;;;;
Apollo 8 S-IVB;Apollo 8;Apollo;-;1968-118B;1968-118B;21/12/1968;Saturn 5;Cape Canaveral, United States;NASA-Office of Manned Space Flight ;USA;R-LAU;123000;13500;Unknown;Fly-by;;Success;;;Heliocentric orbit;S;Orbit (Sun);24/12/1968;;;;;Yes;0.902;0.987;0.944;334.7494437;0.046;0.97;272;278.8;08/06/1968 06:43;;;cylinder;18.7;6.6;horizons
Zond 1969A;Zond 1969A;Zond;-;N/A;N/A;20/01/1969;SL-12/D-1-e;Tyuratam (Baikonur Cosmodrome), U.S.S.R;Unknown;USSR;C-ORB-U;;;Unknown;Fly-by;;Unproven;Launcher failure;;Earth soft landing;E;Destroyed during launch;20/01/1969;;;;;;;;;;;;;;;;;;;;
Luna 1969A;Luna 1969A;Luna;-;N/A;N/A;19/02/1969;SL-12/D-1-e;Tyuratam (Baikonur Cosmodrome), U.S.S.R;Unknown;USSR;R-LND;;;Unknown;Soft landing;;Unproven;Launcher failure;;Moon surface;E;Destroyed during launch;19/02/1969;;;;;;;;;;;;;;;;;;;;
Luna 1969A Lunokhod;Luna 1969A;Luna;Luna 1969A;N/A;N/A;19/02/1969;SL-12/D-1-e;Tyuratam (Baikonur Cosmodrome), U.S.S.R;Unknown;USSR;R-ROV;;;Unknown;Surface exploration;;Unproven;Launcher failure;it had radioactive material on board;Moon surface;E;Destroyed during launch;19/02/1969;;;;;;;;;;;;;;;;;;;;
Zond L1S-1;Zond L1S-1;Zond;-;N/A;N/A;21/02/1969;SL-15/N-1;Tyuratam (Baikonur Cosmodrome), U.S.S.R;Unknown;USSR;C-ORB-U;;;Unknown;Orbit;;Unproven;Launcher failure;;Unknown;E;Destroyed during launch;21/02/1969;;;;;;;;;;;;;;;;;;;;
Luna 1969B Ascent and re-entry stage;Luna 1969B;Luna;-;N/A;N/A;15/04/1969;SL-12/D-1-e;Tyuratam (Baikonur Cosmodrome), U.S.S.R;Unknown;USSR;R-ASC;;1880;Unknown;Sample return (from surface);;Unproven;Launcher failure;;Earth soft landing;E;Destroyed during launch;15/04/1969;;;;;;;;;;;;;;;;;;;;
Luna 1969B Lander;Luna 1969B;Luna;-;N/A;N/A;15/04/1969;SL-12/D-1-e;Tyuratam (Baikonur Cosmodrome), U.S.S.R;Unknown;USSR;R-LND;;;Unknown;Soft landing;;Unproven;Launcher failure;;Moon surface;E;Destroyed during launch;15/04/1969;;;;;;;;;;;;;;;;;;;;
Apollo 10 Command Module;Apollo 10;Apollo;-;1969-043A;1969-043A;18/05/1969;Saturn 5;Cape Canaveral, United States;NASA-Office of Manned Space Flight ;USA;C-ORB;;28834;Unknown;Orbit;LLO;Success;;;Earth soft landing;E;Soft landed (Earth);26/05/1969;;;;;;;;;;;;;;;;;;;;
Apollo 10 Service Module;Apollo 10;Apollo;-;1969-043A;1969-043A;18/05/1969;Saturn 5;Cape Canaveral, United States;NASA-Office of Manned Space Flight ;USA;R-ORB;;;Unknown;Orbit;LLO;Success;;;Destructive Earth re-entry;E;Destroyed during re-entry;26/05/1969;;;;;;;;;;;;;;;;;;;;
Apollo 10 Lunar Module Ascent Stage;Apollo 10;Apollo;-;1969-043A;N/A;18/05/1969;Saturn 5;Cape Canaveral, United States;NASA-Office of Manned Space Flight ;USA;C-ASC;;13941;Unknown;Orbit;LLO;Success;;;Heliocentric orbit;S;Orbit (Sun);23/05/1969;;;;;Yes;0.853;1.047;0.95;337.9459767;0.102;0.176;63.88;43.78;1/25/1969 4:05;;;cone;11.15;1.95;"""https://ssd.jpl.nasa.gov/horizons/app.html#/"",""https://skyandtelescope.org/astronomy-news/astronomers-might-have-found-apollo-10-snoopy-module/"" , ""https://ssd.jpl.nasa.gov/horizons/app.html#/"""
Apollo 10 Lunar Module Lander;Apollo 10;Apollo;-;1969-043A;N/A;18/05/1969;Saturn 5;Cape Canaveral, United States;NASA-Office of Manned Space Flight ;USA;R-LND;;5569;Unknown;Orbit;LLO;Success;;;Moon impact;M;Impacted (orbit decay);Unknown (1969)   ;;g;Unknown;Unknown;;;;;;;;;;;;;;;;
Apollo 10 S-IVB;Apollo 10;Apollo;-;1969-043B;1969-043B;18/05/1969;Saturn 5;Cape Canaveral, United States;NASA;USA;R-LAU;123000;13500;Unknown;Fly-by;Ballistic;Success;;;Heliocentric orbit;S;Orbit (Sun);21/05/1969;;;;;Yes;0.88;1.02;0.946;335.8138293;0.0745;0.355;61.8;20.9;12/28/1968 9:05;;;cylinder;18.7;6.6;Horizons
Luna 1969C Ascent and re-entry stage;Luna 1969C;Luna;-;N/A;N/A;14/06/1969;SL-12/D-1-e;Tyuratam (Baikonur Cosmodrome), U.S.S.R;Unknown;USSR;R-ASC;;1880;Unknown;Sample return (from surface);;Unproven;Launcher failure;;Earth soft landing;E;Destroyed during launch;14/06/1969;;;;;;;;;;;;;;;;;;;;
Luna 1969C Lander;Luna 1969C;Luna;-;N/A;N/A;14/06/1969;SL-12/D-1-e;Tyuratam (Baikonur Cosmodrome), U.S.S.R;Unknown;USSR;R-LND;;1880;Unknown;Soft landing;;Unproven;Launcher failure;;Moon surface;E;Destroyed during launch;14/06/1969;;;;;;;;;;;;;;;;;;;;
Zond L1S-2;Zond L1S-2;Zond;-;N/A;N/A;03/07/1969;SL-15/N-1;Tyuratam (Baikonur Cosmodrome), U.S.S.R;Unknown;USSR;C-ORB-U;;;Unknown;Orbit;;Unproven;Launcher failure;;Unknown;E;Destroyed during launch;03/07/1969;;;;;;;;;;;;;;;;;;;;
Luna 15 Ascent and re-entry stage;Luna 15;Luna;-;1969-058A;1969-058A;13/07/1969;Proton Booster Plus Upper Stage and Escape Stages;Tyuratam (Baikonur Cosmodrome), U.S.S.R;Unknown;USSR;R-ASC;;2718;Unknown;Sample return (from surface);LLO;Unproven;Lander failure;achieved orbit but then crashed during landing;Earth soft landing;M;Impacted (unintentional);21/07/1969;;c1;17;60;;;;;;;;;;;;;;;;Harvey, B., The new Russian space programme from competition to collaboration, John Wiley & Sons, Chichester, England, 1996. Johnson, N. L., Handbook of soviet lunar and planetary exploration - volume 47 science and technology series, Amer. Astronau. Soc. Publ., 1979.
Luna 15 Lander;Luna 15;Luna;-;1969-058A;1969-058A;13/07/1969;Proton Booster Plus Upper Stage and Escape Stages;Tyuratam (Baikonur Cosmodrome), U.S.S.R;Unknown;USSR;R-LND;5600;;Unknown;Soft landing;LLO;Failure;Lander failure;achieved orbit but then crashed during landing;Moon surface;M;Impacted (unintentional);21/07/1969;;c1;17;60;;;;;;;;;;;;;;;;Harvey, B., The new Russian space programme from competition to collaboration, John Wiley & Sons, Chichester, England, 1996. Johnson, N. L., Handbook of soviet lunar and planetary exploration - volume 47 science and technology series, Amer. Astronau. Soc. Publ., 1979.
Apollo 11 Command Module;Apollo 11;Apollo;-;1969-059A;1969-059A;16/07/1969;Saturn 5;Cape Canaveral, United States;NASA-Office of Manned Space Flight ;USA;C-ORB;;28801;Unknown;Orbit;LLO;Success;;first humans to land on the Moon;Earth soft landing;E;Soft landed (Earth);24/07/1969;;;;;;;;;;;;;;;;;;;;
Apollo 11 Service Module;Apollo 11;Apollo;-;1969-059A;1969-059A;16/07/1969;Saturn 5;Cape Canaveral, United States;NASA-Office of Manned Space Flight ;USA;R-ORB;;;Unknown;Orbit;LLO;Success;;first humans to land on the Moon;Destructive Earth re-entry;E;Destroyed during re-entry;24/07/1969;;;;;;;;;;;;;;;;;;;;
Apollo 11 Lunar Module Ascent Stage;Apollo 11;Apollo;-;1969-059C;1969-059C;16/07/1969;Saturn 5;Cape Canaveral, United States;NASA-Office of Manned Space Flight ;USA;C-ASC;;15103;Unknown;Crew ascent;;Success;;first humans to land on the Moon;Moon impact;M;Impacted (orbit decay);Unknown (1969)  ;;g;Unknown;Unknown;;;;;;;;;;;;;;;;
Apollo 11 S-IVB;Apollo 11;Apollo;-;1969-059B;1969-059B;16/07/1969;Saturn 5;Cape Canaveral, United States;NASA;USA;R-LAU;123000;13500;Unknown;Fly-by;Ballistic;Success;;;Heliocentric orbit;S;Orbit (Sun);19/07/1969;;;;;Yes;0.882;1.016;0.949;337.4125182;0.0701;0.275;115.4;10.6;02/10/1969 11:00;;;cylinder;18.7;6.6;horizons
Apollo 11 Lunar Module Lander;Apollo 11;Apollo;-;1969-059C;N/A;16/07/1969;Saturn 5;Cape Canaveral, United States;NASA-Office of Manned Space Flight ;USA;R-LND;4280;;Unknown;Soft landing;;Success;;first humans to land on the Moon;Moon surface;M;Soft landed (Moon);20/07/1969;LRO;d;0.6742;23.4731;;;;;;;;;;;;;;;;
Zond 7;Zond 7;Zond;-;1969-067A;1969-067A;07/08/1969;Proton Booster Plus Upper Stage and Escape Stages;Tyuratam (Baikonur Cosmodrome), U.S.S.R;Unknown;USSR;R-ORB;;5979;Unknown;Fly-by;;Success;;;Earth soft landing;E;Soft landed (Earth);14/08/1969;;;;;;;;;;;;;;;;;;;;
Cosmos 300 Ascent and re-entry stage;Cosmos 300;Cosmos;-;1969-080A;1969-080A;23/09/1969;Proton;Tyuratam (Baikonur Cosmodrome), U.S.S.R;Unknown;USSR;R-ASC;;5600;Unknown;Sample return (from surface);;Unproven;Launcher failure;;Earth soft landing;E;Destroyed during re-entry;27/09/1969;;;;;;;;;;;;;;;;;;;;
Cosmos 300 Lander;Cosmos 300;Cosmos;-;1969-080A;1969-080A;23/09/1969;Proton;Tyuratam (Baikonur Cosmodrome), U.S.S.R;Unknown;USSR;R-LND;5600;;Unknown;Soft landing;;Unproven;Launcher failure;;Moon surface;E;Destroyed during re-entry;27/09/1969;;;;;;;;;;;;;;;;;;;;
Cosmos 305 Ascent and re-entry stage;Cosmos 305;Cosmos;-;1969-092A;1969-092A;22/10/1969;Proton;Tyuratam (Baikonur Cosmodrome), U.S.S.R;Unknown;USSR;R-ASC;;5600;Unknown;Sample return (from surface);;Unproven;Launcher failure;;Earth soft landing;E;Destroyed during re-entry;24/10/1969;;;;;;;;;;;;;;;;;;;;
Cosmos 305 Lander;Cosmos 305;Cosmos;-;1969-092A;1969-092A;22/10/1969;Proton;Tyuratam (Baikonur Cosmodrome), U.S.S.R;Unknown;USSR;R-LND;3500;;Unknown;Soft landing;;Unproven;Launcher failure;;Moon surface;E;Destroyed during re-entry;24/10/1969;;;;;;;;;;;;;;;;;;;;
Apollo 12 Lunar Module Ascent Stage;Apollo 12;Apollo;-;1969-099C;1969-099C;14/11/1969;Saturn 5;Cape Canaveral, United States;NASA-Office of Manned Space Flight , NASA-Office of Space Science Applications ;USA;C-ASC;;15235;Unknown;Crew ascent;;Success;;rendezvous with Surveyor 3 on the surface of the moon.;Moon impact;M;Impacted (commanded);20/11/1969;;m;-3.94;338.8;;;;;;;;;;;;;;;;
Apollo 12 Command Module;Apollo 12;Apollo;-;1969-099A;1969-099A;14/11/1969;Saturn 5;Cape Canaveral, United States;NASA-Office of Manned Space Flight ;USA;C-ORB;;28790;Unknown;Orbit;LLO;Success;;rendezvous with Surveyor 3 on the surface of the moon.;Earth soft landing;E;Soft landed (Earth);24/11/1969;;;;;;;;;;;;;;;;;;;;
Apollo 12 Service Module;Apollo 12;Apollo;-;1969-099A;1969-099A;14/11/1969;Saturn 5;Cape Canaveral, United States;NASA-Office of Manned Space Flight ;USA;R-ORB;;;Unknown;Orbit;LLO;Success;;rendezvous with Surveyor 3 on the surface of the moon.;Destructive Earth re-entry;E;Destroyed during re-entry;24/11/1969;;;;;;;;;;;;;;;;;;;;
Apollo 12 S-IVB;Apollo 12;Apollo;-;1969-099B;1969-099B;14/11/1969;Saturn 5;Cape Canaveral, United States;NASA;USA;R-LAU;123000;13500;Unknown;Fly-by;Ballistic;Success;;;Heliocentric orbit;E;Orbit (Earth);14/11/1969;;;;;Yes;163170;861870;512520;42.27555434;0.673;31.6;;;;;;cylinder;18.7;6.6;NSSDC, orbit around the Earth, data from satlist, distance in km and the period in minutes
Apollo 12 Lunar Module Lander;Apollo 12;Apollo;-;1969-099C;N/A;14/11/1969;Saturn 5;Cape Canaveral, United States;NASA-Office of Manned Space Flight , NASA-Office of Space Science Applications ;USA;R-LND;4774;2156;Unknown;Soft landing;;Success;;rendezvous with Surveyor 3 on the surface of the moon.;Moon surface;M;Soft landed (Moon);19/11/1969;LRO;d;-3.0128;336.5781;;;;;;;;;;;;;;;;NSSDC/Satlist
Luna 1970A Ascent and re-entry stage;Luna 1970A;Luna;-;N/A;N/A;06/02/1970;SL-12/D-1-e;Tyuratam (Baikonur Cosmodrome), U.S.S.R;Unknown;USSR;R-ASC;;;Unknown;Sample return (from surface);;Unproven;Launcher failure;;Earth soft landing;E;Destroyed during launch;06/02/1970;;;;;;;;;;;;;;;;;;;;
Luna 1970A Lander;Luna 1970A;Luna;-;N/A;N/A;06/02/1970;SL-12/D-1-e;Tyuratam (Baikonur Cosmodrome), U.S.S.R;Unknown;USSR;R-LND;;;Unknown;Soft landing;;Unproven;Launcher failure;;Moon surface;E;Destroyed during launch;06/02/1970;;;;;;;;;;;;;;;;;;;;
Luna 1970B;Luna 1970B;Luna;-;N/A;N/A;19/02/1970;SL-12/D-1-e;Tyuratam (Baikonur Cosmodrome), U.S.S.R;Unknown;USSR;R-ORB;;;Unknown;Orbit;;Unproven;Launcher failure;;Unknown;E;Destroyed during launch;19/02/1970;;;;;;;;;;;;;;;;;;;;
Apollo 13 S-IVB;Apollo 13;Apollo;-;1970-029B;1970-029B;11/04/1970;Saturn 5;Cape Canaveral, United States;NASA;USA;R-LAU;;13300;Unknown;Impact;Impact trajectory;Success;;;Moon impact;M;Impacted (commanded);15/04/1970;LRO;d;-2.555;322.1125;;;;;;;;;;;;;;;;
Apollo 13 Command Module;Apollo 13;Apollo;-;1970-029A;1970-029A;11/04/1970;Saturn 5;Cape Canaveral, United States;NASA-Office of Manned Space Flight ;USA;C-ORB;;28945;Unknown;Orbit;Free-Return trajectory;Success;Spacecraft malfunction;Crew ascented safely to Earth.;Earth soft landing;E;Soft landed (Earth);17/04/1970;;;;;;;;;;;;;;;;;;;;
Apollo 13 Service Module;Apollo 13;Apollo;-;1970-029A;1970-029A;11/04/1970;Saturn 5;Cape Canaveral, United States;NASA-Office of Manned Space Flight ;USA;R-ORB;;;Unknown;Orbit;Free-Return trajectory;Partial success;Spacecraft malfunction;Crew ascented safely to Earth.;Destructive Earth re-entry;E;Destroyed during re-entry;17/04/1970;;;;;;;;;;;;;;;;;;;;
Apollo 13 Lunar Module Ascent Stage;Apollo 13;Apollo;-;1970-029C;1970-029C;11/04/1970;Saturn 5;Cape Canaveral, United States;NASA-Office of Manned Space Flight ;USA;C-ASC;;15196;Unknown;Crew ascent;;Unproven;Spacecraft malfunction;Crew ascented safely to Earth.;Moon impact;E;Destroyed during re-entry;17/04/1970;;;;;;;;;;;;;;;;;;;;NSSDC (disposal strategy deduced from the other Apollo missions)
Apollo 13 Lunar Module Lander;Apollo 13;Apollo;-;1970-029C;N/A;11/04/1970;Saturn 5;Cape Canaveral, United States;NASA-Office of Manned Space Flight ;USA;R-LND;;7890;Unknown;Soft landing;;Unproven;Spacecraft malfunction;Crew ascented safely to Earth.;Moon surface;E;Destroyed during re-entry;17/04/1970;;;;;;;;;;;;;;;;;;;;
Luna 16 Ascent and re-entry stage;Luna 16;Luna;-;1970-072A;1970-072A;12/09/1970;Proton Booster Plus Upper Stage and Escape Stages;Tyuratam (Baikonur Cosmodrome), U.S.S.R;Unknown;USSR;R-ASC;;5600;Unknown;Sample return (from surface);;Success;;first robotic sample return from beyond Earth.;Earth soft landing;E;Soft landed (Earth);24/09/1970;;;;;;;;;;;;;;;;;;;;
Luna 16 Lander;Luna 16;Luna;-;1970-072A;1970-072A;12/09/1970;Proton Booster Plus Upper Stage and Escape Stages;Tyuratam (Baikonur Cosmodrome), U.S.S.R;Unknown;USSR;R-LND;5600;;Unknown;Soft landing;;Success;;;Moon surface;M;Soft landed (Moon);20/09/1970;LRO;d;-0.5137;56.3638;;;;;;;;;;;;;;;;
Zond 8;Zond 8;Zond;-;1970-088A;1970-088A;20/10/1970;Proton Booster Plus Upper Stage and Escape Stages;Tyuratam (Baikonur Cosmodrome), U.S.S.R;Unknown;USSR;R-ORB;;5375;Unknown;Fly-by;;Success;;;Earth soft landing;E;Soft landed (Earth);27/10/1970;;;;;;;;;;;;;;;;;;;;
Luna 17;Luna 17;Luna;-;1970-095A;1970-095A;10/11/1970;Proton Booster Plus Upper Stage and Escape Stages;Tyuratam (Baikonur Cosmodrome), U.S.S.R;Unknown;USSR;R-LND;;5600;Unknown;Soft landing;;Success;;;Moon surface;M;Soft landed (Moon);17/11/1970;LRO;d;38.2376;324.9984;;;;;;;;;;;;;;;;
Lunokhod 1;Luna 17;Luna;Luna 17;1970-095D;1970-095D;10/11/1970;Proton Booster Plus Upper Stage and Escape Stages;Tyuratam (Baikonur Cosmodrome), U.S.S.R;Unknown;USSR;R-ROV;;756;Unknown;Surface exploration;;Success;;first robotic rover to explore the surface of a world beyond Earth;Moon surface;M;Soft landed (Moon);17/11/1970;LRO;d;38.315;324.9919;;;;;;;;;;;;;;;;
Apollo 14 S-IVB;Apollo 14;Apollo;-;1971-008B;1971-008B;31/01/1971;Saturn 5;Cape Canaveral, United States;NASA;USA;R-LAU;;13300;Unknown;Impact;;Success;;;Moon impact;M;Impacted (commanded);04/02/1971;LRO;d;-8.18;333.9695;;;;;;;;;;;;;;;;
Apollo 14 Lunar Module Ascent Stage;Apollo 14;Apollo;-;1971-008C;1971-008C;31/01/1971;Saturn 5;Cape Canaveral, United States;NASA-Office of Manned Space Flight , NASA-Office of Space Science Applications ;USA;C-ASC;;15264;Unknown;Crew ascent;;Success;;;Moon impact;M;Impacted (commanded);07/02/1971;;m;-3.42;340.33;;;;;;;;;;;;;;;;
Apollo 14 Command Module;Apollo 14;Apollo;-;1971-008A;1971-008A;31/01/1971;Saturn 5;Cape Canaveral, United States;NASA-Office of Manned Space Flight ;USA;C-ORB;;29229;Unknown;Orbit;LLO;Success;;;Earth soft landing;E;Soft landed (Earth);09/02/1971;;;;;;;;;;;;;;;;;;;;
Apollo 14 Service Module;Apollo 14;Apollo;-;1971-008A;1971-008A;31/01/1971;Saturn 5;Cape Canaveral, United States;NASA-Office of Manned Space Flight ;USA;R-ORB;;;Unknown;Orbit;LLO;Success;;;Destructive Earth re-entry;E;Destroyed during re-entry;09/02/1971;;;;;;;;;;;;;;;;;;;;
Apollo 14 Lunar Module Lander;Apollo 14;Apollo;-;1971-008C;N/A;31/01/1971;Saturn 5;Cape Canaveral, United States;NASA-Office of Manned Space Flight , NASA-Office of Space Science Applications ;USA;R-LND;4857;2128;Unknown;Soft landing;;Success;;;Moon surface;M;Soft landed (Moon);05/02/1971;LRO;d;-3.6459;342.5281;;;;;;;;;;;;;;;;
Apollo 15 Lunar Roving Vehicle;Apollo 15;Apollo;Apollo 15 Lunar Module Lander;1971-063C;1971-063C;26/07/1971;Saturn 5;Cape Canaveral, United States;NASA;USA;C-ROV;5030;2127;Unknown;Surface exploration;;Success;;;Moon surface;M;Soft landed (Moon);29/07/1971;LRO;d;26.1324;3.6333;;;;;;;;;;;;;;;;
Apollo 15 S-IVB;Apollo 15;Apollo;-;1971-063B;1971-063B;26/07/1971;Saturn 5;Cape Canaveral, United States;NASA;USA;R-LAU;;13300;Unknown;Impact;;Success;;;Moon impact;M;Impacted (commanded);29/07/1971;LRO;d;-1.2897;348.1755;;;;;;;;;;;;;;;;
Apollo 15 Lunar Module Ascent Stage;Apollo 15;Apollo;-;1971-063C;1971-063C;26/07/1971;Saturn 5;Cape Canaveral, United States;NASA-Office of Space Science Applications , NASA-Office of Manned Space Flight ;USA;C-ASC;;16430;Unknown;Crew ascent;;Success;;;Moon impact;M;Impacted (commanded);03/08/1971;;m;26.36;0.25;;;;;;;;;;;;;;;;
Apollo 15 Command Module;Apollo 15;Apollo;-;1971-063A;1971-063A;26/07/1971;Saturn 5;Cape Canaveral, United States;NASA-Office of Manned Space Flight ;USA;C-ORB;;30371;Unknown;Orbit;LLO;Success;;;Earth soft landing;E;Soft landed (Earth);07/08/1971;;;;;;;;;;;;;;;;;;;;
Apollo 15 Service Module;Apollo 15;Apollo;-;1971-063A;1971-063A;26/07/1971;Saturn 5;Cape Canaveral, United States;NASA-Office of Manned Space Flight ;USA;R-ORB;;;Unknown;Orbit;LLO;Success;;;Destructive Earth re-entry;E;Destroyed during re-entry;07/08/1971;;;;;;;;;;;;;;;;;;;;
Apollo 15 Particles and Fields Subsatellite (PFS-1);Apollo 15;Apollo;Apollo 15 Service Module;1971-063D;1971-063D;26/07/1971;Saturn 5;Cape Canaveral, United States;NASA-Office of Manned Space Flight ;USA;R-ORB;;36.3;24;Orbit;;Success;;;Moon impact;M;Impacted (orbit decay);Unknown;;g;Unknown;Unknown;;;;;;;;;;;;;;;;
Apollo 15 Lunar Module Lander;Apollo 15;Apollo;-;1971-063C;1971-063C;26/07/1971;Saturn 5;Cape Canaveral, United States;NASA-Office of Space Science Applications , NASA-Office of Manned Space Flight ;USA;R-LND;;;Unknown;Soft landing;;Success;;;Moon surface;M;Soft landed (Moon);30/07/1971;LRO;d;26.1324;3.6333;;;;;;;;;;;;;;;;
Luna 18 Ascent and re-entry stage;Luna 18;Luna;-;1971-073A;1971-073A;02/09/1971;Proton Booster Plus Upper Stage and Escape Stages;Tyuratam (Baikonur Cosmodrome), U.S.S.R;Unknown;USSR;R-ASC;;5600;Unknown;Sample return (from surface);;Unproven;Spacecraft malfunction;;Earth soft landing;M;Impacted (unintentional);11/09/1971;estimated;n;3.76;56.66;;;;;;;;;;;;;;;;
Luna 18 Lander;Luna 18;Luna;-;1971-073A;1971-073A;02/09/1971;Proton Booster Plus Upper Stage and Escape Stages;Tyuratam (Baikonur Cosmodrome), U.S.S.R;Unknown;USSR;R-LND;5750;5600;Unknown;Soft landing;;Failure;Spacecraft malfunction;;Moon surface;M;Impacted (unintentional);11/09/1971;estimated;n;3.76;56.66;;;;;;;;;;;;;;;;
Luna 19;Luna 19;Luna;-;1971-082A;1971-082A;28/09/1971;Proton Booster Plus Upper Stage and Escape Stages;Tyuratam (Baikonur Cosmodrome), U.S.S.R;Unknown;USSR;R-ORB;;5600;Unknown;Orbit;;Success;;;Moon impact;M;Impacted (orbit decay);Unknown (1973)   ;;g;Unknown;Unknown;;;;;;;;;;;;;;;;
Luna 20 Ascent and re-entry stage;Luna 20;Luna;-;1972-007A;1972-007A;14/02/1972;Proton Booster Plus Upper Stage and Escape Stages;Tyuratam (Baikonur Cosmodrome), U.S.S.R;Unknown;USSR;R-ASC;;5600;Unknown;Sample return (from surface);;Success;;;Earth soft landing;E;Soft landed (Earth);25/02/1972;;;;;;;;;;;;;;;;;;;;
Luna 20 Lander;Luna 20;Luna;-;1972-007A;1972-007A;14/02/1972;Proton Booster Plus Upper Stage and Escape Stages;Tyuratam (Baikonur Cosmodrome), U.S.S.R;Unknown;USSR;R-LND;;;Unknown;Soft landing;;Success;;;Moon surface;M;Soft landed (Moon);21/02/1972;LRO;d;3.7863;56.6242;;;;;;;;;;;;;;;;
Apollo 16 S-IVB;Apollo 16;Apollo;-;1972-031B;1972-031B;16/04/1972;Saturn 5;Cape Canaveral, United States;NASA;USA;R-LAU;;13300;Unknown;Impact;;Success;;;Moon impact;M;Impacted (commanded);19/04/1972;LRO;d;1.921;335.377;;;;;;;;;;;;;;;;
Apollo 16 Particles and Fields Subsatellite (PFS-2);Apollo 16;Apollo;Apollo 16 Service Module;1972-031D;1972-031D;16/04/1972;Saturn 5;Cape Canaveral, United States;NASA-Office of Manned Space Flight ;USA;R-ORB;;36.3;24;Orbit;;Partial success;Operational error;Wrong orbit, decayed prematurely;Moon impact;M;Impacted (orbit decay);29/05/1972;estimated;o;10.16;111.9;;;;;;;;;;;;;;;;
Apollo 16 Lunar Module Ascent Stage;Apollo 16;Apollo;-;1972-031C;1972-031C;16/04/1972;Saturn 5;Cape Canaveral, United States;NASA-Office of Space Science Applications , NASA-Office of Manned Space Flight ;USA;C-ASC;;16445;Unknown;Crew ascent;;Success;;;Moon impact;M;Impacted (orbit decay);Unknown;;g;Unknown;Unknown;;;;;;;;;;;;;;;;
Apollo 16 Command Module;Apollo 16;Apollo;-;1972-031A;1972-031A;16/04/1972;Saturn 5;Cape Canaveral, United States;NASA-Office of Manned Space Flight ;USA;C-ORB;;30354;Unknown;Orbit;LLO;Success;;;Earth soft landing;E;Soft landed (Earth);27/04/1972;;;;;;;;;;;;;;;;;;;;
Apollo 16 Service Module;Apollo 16;Apollo;-;1972-031A;1972-031A;16/04/1972;Saturn 5;Cape Canaveral, United States;NASA-Office of Manned Space Flight ;USA;R-ORB;;;Unknown;Orbit;LLO;Success;;;Destructive Earth re-entry;E;Destroyed during re-entry;27/04/1972;;;;;;;;;;;;;;;;;;;;
Apollo 16 Lunar Module Lander;Apollo 16;Apollo;-;1972-031C;1972-031C;16/04/1972;Saturn 5;Cape Canaveral, United States;NASA-Office of Space Science Applications , NASA-Office of Manned Space Flight ;USA;R-LND;5040;2134;Unknown;Soft landing;;Success;;;Moon surface;M;Soft landed (Moon);21/04/1972;LRO;d;-8.9734;15.5011;;;;;;;;;;;;;;;;
Apollo 16 Lunar Roving Vehicle;Apollo 16;Apollo;Apollo 16 Lunar Module Lander;1972-031C;1972-031C;16/04/1972;Saturn 5;Cape Canaveral, United States;NASA-Office of Space Science Applications , NASA-Office of Manned Space Flight ;USA;C-ROV;;;Unknown;Surface exploration;;Success;;;Moon surface;M;Soft landed (Moon);21/04/1972;LRO;d;-8.9734;15.5011;;;;;;;;;;;;;;;;
Soyuz L3;Soyuz L3;Soyuz;-;N/A;N/A;03/07/1972;SL-15/N-1;Tyuratam (Baikonur Cosmodrome), U.S.S.R;Unknown;USSR;C-ORB-U;;;Unknown;Orbit;;Unproven;Launcher failure;;Earth soft landing;E;Destroyed during launch;03/07/1972;;;;;;;;;;;;;;;;;;;;
Apollo 17 S-IVB;Apollo 17;Apollo;-;1972-096B;1972-096B;07/12/1972;Saturn 5;Cape Canaveral, United States;NASA;USA;R-LAU;;13300;Unknown;Impact;;Success;;;Moon impact;M;Impacted (commanded);10/12/1972;LRO;d;-4.1681;347.6693;;;;;;;;;;;;;;;;
Apollo 17 Lunar Module Ascent Stage;Apollo 17;Apollo;-;1972-096C;1972-096C;07/12/1972;Saturn 5;Cape Canaveral, United States;NASA-Office of Space Science Applications , NASA-Office of Manned Space Flight ;USA;C-ASC;;16456;Unknown;Crew ascent;;Success;;first scientist on the Moon and final Apollo mission;Moon impact;M;Impacted (commanded);15/12/1972;;m;19.97;30.49;;;;;;;;;;;;;;;;
Apollo 17 Command Module;Apollo 17;Apollo;-;1972-096A;1972-096A;07/12/1972;Saturn 5;Cape Canaveral, United States;NASA-Office of Manned Space Flight ;USA;C-ORB;;30320;Unknown;Orbit;LLO;Success;;first scientist on the Moon and final Apollo mission;Earth soft landing;E;Soft landed (Earth);19/12/1972;;;;;;;;;;;;;;;;;;;;
Apollo 17 Service Module;Apollo 17;Apollo;-;1972-096A;1972-096A;07/12/1972;Saturn 5;Cape Canaveral, United States;NASA-Office of Manned Space Flight ;USA;R-ORB;;;Unknown;Orbit;LLO;Success;;first scientist on the Moon and final Apollo mission;Destructive Earth re-entry;E;Destroyed during re-entry;19/12/1972;;;;;;;;;;;;;;;;;;;;
Apollo 17 Lunar Module Lander;Apollo 17;Apollo;-;1972-096C;1972-096C;07/12/1972;Saturn 5;Cape Canaveral, United States;NASA-Office of Space Science Applications , NASA-Office of Manned Space Flight ;USA;R-LND;5050;2145;Unknown;Soft landing;;Success;;first scientist on the Moon and final Apollo mission;Moon surface;M;Soft landed (Moon);11/12/1972;LRO;d;20.1911;30.7723;;;;;;;;;;;;;;;;
Apollo 17 Lunar Roving Vehicle;Apollo 17;Apollo;-;1972-096C;1972-096C;07/12/1972;Saturn 5;Cape Canaveral, United States;NASA-Office of Space Science Applications , NASA-Office of Manned Space Flight ;USA;C-ROV;;;Unknown;Surface exploration;;Success;;first scientist on the Moon and final Apollo mission;Moon surface;M;Soft landed (Moon);11/12/1972;LRO;d;20.1911;30.7723;;;;;;;;;;;;;;;;
Luna 21;Luna 21;Luna;-;1973-001A;1973-001A;08/01/1973;Proton Booster Plus Upper Stage and Escape Stages;Tyuratam (Baikonur Cosmodrome), U.S.S.R;Unknown;USSR;R-LND;;4850;Unknown;Soft landing;;Success;;;Moon surface;M;Soft landed (Moon);15/01/1973;LRO;d;25.9994;30.4076;;;;;;;;;;;;;;;;
Lunokhod 2;Luna 21;Luna;Luna 21;1973-001A;1973-001A;08/01/1973;Proton Booster Plus Upper Stage and Escape Stages;Tyuratam (Baikonur Cosmodrome), U.S.S.R;Unknown;USSR;R-ROV;;840;Unknown;Surface exploration;;Success;;longest-lived rover on the Moon, drove 24 miles (39 kilometers);Moon surface;M;Soft landed (Moon);15/01/1973;LRO;d;25.8323;30.9222;;;;;;;;;;;;;;;;
Radio Astronomy Explorer B (RAE-B);Radio Astronomy Explorer B (RAE-B);Explorer;-;1973-039A;1973-039A;10/06/1973;Delta;Cape Canaveral, United States;NASA-Office of Space Science Applications ;USA;R-ORB;;328;Unknown;Orbit;;Success;;;Moon impact;M;Impacted (orbit decay);Unknown;;g;Unknown;Unknown;;;;;;;;;;;;;;;;
Luna 22;Luna 22;Luna;-;1974-037A;1974-037A;29/05/1974;Proton Booster Plus Upper Stage and Escape Stages;Tyuratam (Baikonur Cosmodrome), U.S.S.R;Unknown;USSR;R-ORB;;4000;Unknown;Orbit;;Success;;;Moon impact;M;Impacted (orbit decay);Unknown (1976)   ;;g;Unknown;Unknown;;;;;;;;;;;;;;;;
Luna 23 Ascent and re-entry stage;Luna 23;Luna;-;1974-084A;1974-084A;28/10/1974;Proton Booster Plus Upper Stage and Escape Stages;Tyuratam (Baikonur Cosmodrome), U.S.S.R;Unknown;USSR;R-ASC;;5600;Unknown;Sample return (from surface);;Partial success;Spacecraft malfunction;;Earth soft landing;M;Soft landed (Moon);06/11/1974;LRO;d;12.6667;62.1511;;;;;;;;;;;;;;;;
Luna 23 Lander;Luna 23;Luna;-;1974-084A;1974-084A;28/10/1974;Proton Booster Plus Upper Stage and Escape Stages;Tyuratam (Baikonur Cosmodrome), U.S.S.R;Unknown;USSR;R-LND;;5600;Unknown;Soft landing;;Success;;;Moon surface;M;Soft landed (Moon);06/11/1974;LRO;d;12.6667;62.1511;;;;;;;;;;;;;;;;
Luna 1975A Ascent and re-entry stage;Luna 1975A;Luna;-;N/A;N/A;16/10/1975;SL-12/D-1-e;Tyuratam (Baikonur Cosmodrome), U.S.S.R;Unknown;USSR;R-ASC;;1880;Unknown;Sample return (from surface);;Unproven;Launcher failure;;Earth soft landing;E;Destroyed during launch;16/10/1975;;;;;;;;;;;;;;;;;;;;
Luna 1975A Lander;Luna 1975A;Luna;-;N/A;N/A;16/10/1975;SL-12/D-1-e;Tyuratam (Baikonur Cosmodrome), U.S.S.R;Unknown;USSR;R-LND;;;Unknown;Soft landing;;Unproven;Launcher failure;;Moon surface;E;Destroyed during launch;16/10/1975;;;;;;;;;;;;;;;;;;;;
Luna 24 Ascent and re-entry stage;Luna 24;Luna;-;1976-081A;1976-081A;09/08/1976;Proton Booster Plus Upper Stage and Escape Stages;Tyuratam (Baikonur Cosmodrome), U.S.S.R;Unknown;USSR;R-ASC;;4800;Unknown;Sample return (from surface);;Success;;;Earth soft landing;E;Soft landed (Earth);22/08/1976;;;;;;;;;;;;;;;;;;;;
Luna 24 Lander;Luna 24;Luna;-;1976-081E;1976-081E;09/08/1976;Proton Booster Plus Upper Stage and Escape Stages;Tyuratam (Baikonur Cosmodrome), U.S.S.R;Unknown;USSR;R-LND;;;Unknown;Soft landing;;Success;;;Moon surface;M;Soft landed (Moon);18/08/1976;LRO;d;12.7142;62.2129;;;;;;;;;;;;;;;;
Hagoromo;Hiten;Hiten;Hiten;1990-007B;1990-007B;24/01/1990;M-3SII;Uchinoura Space Center, Japan;Institute of Space and Aeronautical Science, University of Tokyo;Japan;R-ORB;;12;10;Orbit;;Failure;Spacecraft malfunction;;Unknown;M;Impacted (orbit decay);Unknown;;r;Unknown;Unknown;;;;;;;;;;;;;;;;
Hiten;Hiten;Hiten;-;1990-007A;1990-007A;24/01/1990;M-3SII;Uchinoura Space Center, Japan;Institute of Space and Aeronautical Science, University of Tokyo;Japan;R-ORB;;143;110;Orbit;Earth orbit, Lunar flybys, Earth orbit, WSB, EML 4 and 5, Lunar orbit, Moon impact.;Success;; first Japanese Moon mission;Moon impact;M;Impacted (commanded);10/04/1993;;q;-34;55.3;;;;;;;;;;;;;;;;conflict in its source (Uesugi, 1996) about the latitude and loginteude, difference of 0.3 on both.
Clementine 1 (DSPSE);Clementine;Deep Space Program;-;1994-004A;1994-004A;25/01/1994;Titan II-G;Vandenberg AFB, United States;NASA-Office of Space Science Applications , Department of Defense-Department of the Navy;USA;R-ORB;;227;360;Orbit;;Success;;After leaving lunar orbit, a malfunction in one of the on-board computers on May 7 at 14:39 UTC (9:39 AM EST) caused a thruster to fire until it had used up all of its fuel, leaving the spacecraft spinning at about 80 RPM with no spin control;Unknown;S;Orbit (Sun);01/06/1994;;;;;Yes;2538;409891;206214.5;2295.858022;0.987692427;63.78;59.27;;;46.96;2/17/1994 0:00;octogonal + solar array;5;1.88;Space track
Lunar Prospector;Lunar Prospector;Lunar Prospector;-;1998-001A;1998-001A;07/01/1998;Athena 2;Cape Canaveral, United States;NASA-Office of Space Science Applications ;USA;R-ORB;;158.7;202;Orbit;;Success;;;Moon impact;M;Impacted (commanded);31/07/1999;;o;-87.7;42;;;;;;;;;;;;;;;;
Lunar Prospector Trans Lunar Injection Stage;Lunar Prospector;Lunar Prospector;-;1998-001A?;1998-001A?;07/01/1998;Athena 2;Cape Canaveral, United States;NASA-Office of Space Science Applications ;USA;R-LAU;;158.7;202;Fly-by;;Success;;;Heliocentric orbit;S;Orbit (Sun);Unknown;;;;;No;;;;;;;;;;;;;;;Probably it is the WTF debris, destroyed in 2015 in an Earth reentry
SMART-1;Small Missions for Advanced Research in Technology 1;SMART;-;2003-043C;2003-043C;27/09/2003;Ariane 5;Kourou, French Guiana;European Space Agency;Europe;R-ORB;;367;Unknown;Orbit;LLO;Success;;first European Moon mission;Moon impact;M;Impacted (commanded);03/09/2006;;s;-34.4;313.8;;;;;;;;;;;;;;;;
THEMIS-B (ARTEMIS-P1 );Time History of Events and Macroscale Interactions during Substorms (THEMIS);THEMIS;-;2007-004B;2007-004B;17/02/2007;Delta II 7925;Cape Canaveral, United States;NASA;USA;R-ORB;;77;37;Orbit;EML2-->Elliptical Lunar orbit;Active;;;Unknown;M;Orbit (Moon);Current;;[1]T. H. Sweetser et al., ‘ARTEMIS Mission Design’, Space Sci Rev, vol. 165, no. 1, pp. 27–57, Dec. 2011, doi: 10.1007/s11214-012-9869-1.;;;Yes;2214;89070;45642;239.063475;0.951492047;16.03;;;;;;cube+probe;0.84;0.84;Satlist, the unit are km and minutes, The radius is huge because there's a long probe used to measure the electric field
THEMIS-C (ARTEMIS-P2);Time History of Events and Macroscale Interactions during Substorms (THEMIS);THEMIS;-;2007-004C;2007-004C;17/02/2007;Delta II 7925;Cape Canaveral, United States;NASA;USA;R-ORB;;77;37;Orbit;EML1-->Elliptical Lunar orbit;Active;;;Unknown;M;Orbit (Moon);Current;;[1]T. H. Sweetser et al., ‘ARTEMIS Mission Design’, Space Sci Rev, vol. 165, no. 1, pp. 27–57, Dec. 2011, doi: 10.1007/s11214-012-9869-1.;;;Yes;2207;89038;45622.5;238.9102858;0.951624747;16.03;;;;;;cube+probe;0.84;0.84;Satlist, the unit are km and minutes
Ouna (VRAD);SELENE (Kaguya);SELENE (Kaguya);Kaguya (SELENE);2007-039C;2007-039C;14/09/2007;H-2A;Tanegashima, Japan;Japan Aerospace Exploration Agency(Japan);Japan;R-ORB;;53;70;Orbit;;Success;;;Moon impact;M;Impacted (orbit decay);Unknown;;u;Unknown;Unknown;;;;;;;;;;;;;;;;
Kaguya;SELENE (Kaguya);SELENE (Kaguya);-;2007-039A;2007-039A;14/09/2007;H-2A;Tanegashima, Japan;Japan Aerospace Exploration Agency(Japan);Japan;R-ORB;;1984;3486;Orbit;;Success;;;Moon impact;M;Impacted (commanded);10/06/2009;;x;-65.5;80.4;;;;;;;;;;;;;;;;
Okina (Relay Star);SELENE (Kaguya);SELENE (Kaguya);Kaguya (SELENE);2007-039B;2007-039B;14/09/2007;H-2A;Tanegashima, Japan;Japan Aerospace Exploration Agency(Japan);Japan;R-ORB;;53;70;Orbit;;Success;;;Moon impact;M;Impacted (commanded);12/02/2009;;v;28.213;200.967;;;;;;;;;;;;;;;;
Chang'e 1;Chang'e 1;Chang'e;-;2007-051A;2007-051A;24/10/2007;Long March 3A;Xichang, Peoples Republic of China;China National Space Administration;China;R-ORB;2350;1200;Unknown;Orbit;;Success;;first Chinese Moon mission;Moon impact;M;Impacted (commanded);01/03/2009;LRO;https://www.sciencedirect.com/science/article/abs/pii/S001910351830335X;-1.5;52.36;;;;;;;;;;;;;;;;
Moon Impact Probe (MIP);Chandrayaan 1;Chandrayaan;Chandrayaan 1 Lunar Orbiter;2008-052A;2008-052A;22/10/2008;PSLV-XL;Sriharikota, India;Indian Space Research Organization;India;R-IMP;;35;750;Impact;;Success;;;Moon impact;M;Impacted (commanded);14/11/2008;;t;-89;330;;;;;;;;;;;;;;;;
Chandrayaan 1 Lunar Orbiter;Chandrayaan 1;Chandrayaan;-;2008-052A;2008-052A;22/10/2008;PSLV-XL;Sriharikota, India;Indian Space Research Organization;India;R-ORB;;523;750;Orbit;;Success;;;Unknown;M;Orbit (Moon);29/08/2009;;;;;Yes;1837;1837;1837;1.930322898;0;90;;;;;;cube;4;1.5;"  periapsis and apoapsis are in km, and the period in hours  "" https://www.isro.gov.in/Spacecraft/chandrayaan-1, the thing is still orbiting the moon https://www.nasa.gov/feature/jpl/new-nasa-radar-technique-finds-lost-lunar-spacecraft     "" ""https://earth.esa.int/web/eoportal/satellite-missions/c-missions/chandrayaan-1"""
Lunar Reconnaissance Orbiter (LRO);Lunar Reconnaissance Orbiter;Lunar Precursor Robotic Program;-;2009-031A;2009-031A;18/06/2009;Atlas V 401;Cape Canaveral, United States;NASA;USA;R-ORB;;1018;685;Orbit;LLO;Active;;;Unknown;M;Orbit (Moon);01/09/2010;;;;;Yes;1767;1917;1842;1.938209272;0.040716612;90;;;;;;cube+solar panel;4.3;2.7;https://nssdc.gsfc.nasa.gov/nmc/spacecraft/display.action?id=2009-031A
LCROSS Sheparding Spacecraft (SSC);Lunar Crater Observation and Sensing Satellite (LCROSS);Lunar Precursor Robotic Program;-;2009-031B;2009-031B;18/06/2009;Atlas V 401;Cape Canaveral, United States;NASA;USA;R-IMP;;534;372;Impact;;Success;;;Moon impact;M;Impacted (commanded);09/10/2009;LRO;y;-84.719;310.39;;;;;;;;;;;;;;;;
LCROSS Upper Stage;Lunar Crater Observation and Sensing Satellite (LCROSS);Lunar Precursor Robotic Program;-;2009-031B;N/A;18/06/2009;Atlas V 401;Cape Canaveral, United States;NASA;USA;R-LAU;;2000;Unknown;Impact;;Success;;;Moon impact;M;Impacted (commanded);09/10/2009;LRO;y;-84.6796;311.2907;;;;;;;;;;;;;;;;
Chang'e 2;Chang'e 2;Chang'e;-;2010-050A;2010-050A;01/10/2010;Long March 3C;Xichang, Peoples Republic of China;China National Space Administration;China;R-ORB;;1000;Unknown;Orbit;;Success;;;Unknown;S;Orbit (Sun);Unknown;;;;;No;1.023;1.035;1.029;380.9648742;0.0058;0.24;;;;;;cube+solar panel;18;2;https://earth.esa.int/web/eoportal/satellite-missions/c-missions/chang-e-2
Gravity Recovery And Interior Laboratory-A (GRAIL) (Ebb);GRAIL;GRAIL;-;2011-046A;2011-046A;10/09/2011;Delta II;Cape Canaveral, United States;NASA;USA;R-ORB;;132.6;Unknown;Orbit;;Success;;;Moon impact;M;Impacted (commanded);17/12/2012;LRO;d;75.6088;333.406;;;;;;;;;;;;;;;;
Gravity Recovery And Interior Laboratory-B (GRAIL) (Flow);GRAIL;GRAIL;-;2011-046B;2011-046B;10/09/2011;Delta II;Cape Canaveral, United States;NASA;USA;R-ORB;;132.6;Unknown;Orbit;;Success;;;Moon impact;M;Impacted (commanded);17/12/2012;LRO;d;75.6508;333.1659;;;;;;;;;;;;;;;;
Lunar Atmosphere and Dust Environment Explorer (LADEE);LADEE;LADEE;-;2013-047A;2013-047A;07/09/2013;Minotaur 5;Wallops Island, United States;NASA;USA;R-ORB;;248.2;60;Orbit;;Success;;;Moon impact;M;Impacted (commanded);18/04/2014;LRO;d;11.8494;266.7506;;;;;;;;;;;;;;;;I had to correct NSSDC that was contradicting itself on the date
Chang'e 3;Chang'e 3;Chang'e;-;2013-070A;2013-070A;01/12/2013;Long March 3B;Xichang, Peoples Republic of China;China National Space Administration;China;R-LND;3780;1200;Unknown;Soft landing;;Active;;;Moon surface;M;Soft landed (Moon);14/12/2013;LRO;d;44.1214;340.4883;;;;;;;;;;;;;;;;
Yutu;Chang'e 3;Chang'e;Chang'e 3;2013-070C;2013-070C;01/12/2013;Long March 3B;Xichang, Peoples Republic of China;China National Space Administration;China;R-ROV;;140;Unknown;Surface exploration;;Success;; first non-Soviet rover on the Moon;Moon surface;M;Soft landed (Moon);14/12/2013;LRO;d;44.1208;340.4878;;;;;;;;;;;;;;;;for end of life: https://www.newscientist.com/article/2099696-chinas-jade-rabbit-moon-rover-dead-after-31-months-on-surface/
Chang'e 3 Upper Stage;Chang'e 3;Chang'e;-;2013-070B;2013-070B;01/12/2013;Long March 3B;Xichang, Peoples Republic of China;China National Space Administration;China;R-LAU;20200;2740;Unknown;TLI;;Success;;;Unknown;E;Orbit (Earth);Unknown;;;;;Yes;114552;678918;396735;28.79213422;0.723;32.54;71.95;117.07;;307.1;04/02/2020 16:58;cylinder;12.4;3;"Space track, ""https://spaceflight101.com/re-entry/re-entry-long-cz-3b-rb-41035/"""
Chang'e 5-T1 Return Vehicle;Chang'e 5-T1;Chang'e;-;2014-065A;2014-065A;23/10/2014;Long March 3C;Xichang, Peoples Republic of China;China National Space Administration;China;R-RTN;;335;Unknown;Sample return (from orbit);Parking->LTO->Flyby->Reentry;Success;;;Earth soft landing;E;Soft landed (Earth);31/10/2014;;;;;;;;;;;;;;;;;;;;used astronautix to know last known location
Chang'e 5-T1 Upper Stage;Chang'e 5-T1;Chang'e;-;2014-065B;2014-065B;23/10/2014;Long March 3C;Xichang, Peoples Republic of China;China National Space Administration;China;R-LAU;;;Unknown;TLI;;Success;;;Unknown;M;Impacted (orbit decay);03/04/2022;LRO;https://projectpluto.com/temp/dscovr.htm;5.226;234.486;;;;;;;;;;;;;;;;decay according to space track
Chang'e 5-T1 Service Module;Chang'e 5-T1;Chang'e;-;2014-065A;2014-065A;23/10/2014;Long March 3C;Xichang, Peoples Republic of China;China National Space Administration;China;R-ORB;;1000;Unknown;Orbit;Parking->LTO->Flyby->EML2->LLO;Success;;;Moon impact;M;Orbit (Moon);07/03/2015;;;;;No;1937;1937;1937;2.09006917;0;43.7;;;;;;cube+solar panel;23;2.2;NSSDC, says it's in a orbit 200 km altitude, 127-minute lunar orbit inclined at 43.7 degrees. It is most likely to decade naturally. Operations stopped on 7 march https://chinaspacereport.wordpress.com/spaceflight/change5t1/
Manfred Memorial Moon Mission 4M;-;-;Chang'e 5-T1 Upper Stage;N/A;2014-065B;23/10/2014;Long March 3C;Xichang, Peoples Republic of China;LuxSpace;Germany;R-ORB;;14;4.5;Fly-by;;Success;;;Unknown;E;Orbit (Earth);11/11/2014;;;;;No;6370;411099;208734.5;10.98789343;0.969;30.47;;;;;;cube;0.6;0.26;"wikipedia, there isn't much around and the NSS doesn't have it. Also astronautix and https://spaceflight101.com/change/change-5-test-mission/ ""It is probable (90%) that the stage re-enters the atmosphere after its flight around the Moon, but it could also enter a highly elliptical orbit with an apogee near 400,000 Kilometers."""
Queqiao;Queqiao;Chang'e;-;2018-045A;2018-045A;20/05/2018;Long March 4;Xichang, Peoples Republic of China;China National Space Administration;China;R-ORB;449;325;Unknown;L2 Halo Orbit;LS2 HALO;Active;;;Unknown;L2;Cislunar orbit (EML2);Current;;;;;No;;;;;;;;;;;;;;;
Longjiang 2;Queqiao;Chang'e;Queqiao;2018-045C;2018-045C;20/05/2018;Long March 4;Xichang, Peoples Republic of China;Harbin Institute of Technology ;China;R-ORB;;47;Unknown;Orbit;;Success;;;Moon impact;M;Impacted (commanded);31/07/2019;LRO;d;16.6956;159.517;;;;;;;;;;;;;;;;disagree with nssdc about the disciplines, taken from planetary.org together with funding agency. The landing site comes from NSSDC
Longjiang 1;Queqiao;Chang'e;Queqiao;2018-045B;2018-045B;20/05/2018;Long March 4;Xichang, Peoples Republic of China;Harbin Institute of Technology ;China;R-ORB;;47;Unknown;Orbit;;Failure;Spacecraft malfunction;;Unknown;S;Orbit (Sun);Unknown;;;;;No;;;;;;;;;;;;;;;disagree with nssdc about the disciplines, taken from planetary.org  together with funding agency. Fail to reach lunar orbit, probably in solar orbit according to satlist
Chang'e 4;Chang'e 4;Chang'e;-;2018-103A;2018-103A;07/12/2018;Long March 3B;Xichang, Peoples Republic of China;China National Space Administration;China;R-LND;;1200;Unknown;Soft landing;;Active;;first lunar farside landing;Moon surface;M;Soft landed (Moon);03/01/2019;LRO;d;-45.457;177.589;;;;;;;;;;;;;;;;confirmed location on 3-Jan-19?
Chang’e 4 Upper Stage;Chang'e 4;Chang'e;-;2018-103B;2018-103B;07/12/2018;Long March 3B;Xichang, Peoples Republic of China;China National Space Administration;China;R-LAU;;;;TLI;;Success;;;Unknown;E;Orbit (Earth);;;;;;Yes;;;;;;;;;;;;;;;
Yutu 2;Chang'e 4;Chang'e;Chang'e 4;2018-103A;2018-103A;07/12/2018;Long March 3B;Xichang, Peoples Republic of China;China National Space Administration;China;R-ROV;;;Unknown;Surface exploration;;Active;;;Moon surface;M;Soft landed (Moon);03/01/2019;LRO;z;-45.46;177.59;;;;;;;;;;;;;;;;confirmed location on 3-Jan-19?
Beresheet;Beresheet;Beresheet;-;2019-009B;2019-009B;22/02/2019;Falcon 9 Full Thrust;Cape Canaveral, United States;SpaceIL;Israel;R-LND;;150;Unknown;Soft landing;;Failure;Lander failure; first lunar landing attempt by a private company;Moon surface;M;Impacted (unintentional);11/04/2019;LRO;d;32.5956;19.3496;;;;;;;;;;;;;;;;
Chandrayaan 2 Orbiter;Chandrayaan 2;Chandrayaan;-;2019-042A;2019-042A;22/07/2019;GSLV-MkIII;Sriharikota, India;Indian Space Research Organization;India;R-ORB;;682;1000;Orbit;;Active;;;Unknown;M;Orbit (Moon);Current;;;;;Yes;1837;1837;1837;1.930322898;0;90;;;;;;cube+cylinder+solar panel;5.8;3.2;still in august 2020 active, see https://www.isro.gov.in/chandrayaan-2-completes-year-around-moon
Vikram Lander;Chandrayaan 2;Chandrayaan;-;2019-042A;2019-042A;22/07/2019;GSLV-MkIII;Sriharikota, India;Indian Space Research Organization;India;R-LND;;1444;1000;Soft landing;;Failure;Lander failure;;Moon surface;M;Impacted (unintentional);06/09/2019;LRO;d;-70.881;22.784;;;;;;;;;;;;;;;;
Pragyan Rover;Chandrayaan 2;Chandrayaan;Vikram Lander;2019-042A;2019-042A;22/07/2019;GSLV-MkIII;Sriharikota, India;Indian Space Research Organization;India;R-ROV;;27;1000;Surface exploration;;Unproven;Lander failure;;Moon surface;M;Impacted (unintentional);06/09/2019;LRO;d;-70.881;22.784;;;;;;;;;;;;;;;;
Chang'e 5 Orbiter;Chang'e 5;Chang'e;-;2020-087A;2020-087A;23/11/2020;Long March 5;Wenchang, Peoples Republic of China;China National Space Administration;China;R-ORB;;1680;;Multiple;M-DRO;Active;;Extended mission to SEL1 and then DRO;Unknown;L2;Cislunar orbit (EML2);02/01/2022;;;;;No;337554;652835;495194.5;1.27E+11;0.318340571;26.77;8.71;208.16;;300.91;1/19/2022 4:48;cylinder;8;2.4;https://www.thespacereview.com/article/4365/1
Chang'e 5 Lander;Chang'e 5;Chang'e;-;;;23/11/2020;Long March 5;Wenchang, Peoples Republic of China;China National Space Administration;China;R-LND;;;;Soft landing;;Success;;;Moon surface;M;Soft landed (Moon);01/12/2020;LRO;;43.1;51.8;;;;;;;;;;;;;;;;"https://news.cgtn.com/news/2020-12-20/What-happened-to-Chang-e-5-s-ASCcender-lander-and-orbiter--WmW0pHpr3i/index.html

https://www.nytimes.com/2020/12/01/science/china-moon-landing.html"
Chang'e 5 Ascender;Chang'e 5;Chang'e;-;;;23/11/2020;Long March 5;Wenchang, Peoples Republic of China;China National Space Administration;China;R-ASC;;;;Sample return (from surface);;Success;;;Moon impact;M;Impacted (commanded);08/12/2020;;;-30;0;;;;;;;;;;;;;;;;"https://news.cgtn.com/news/2020-12-20/What-happened-to-Chang-e-5-s-ASCcender-lander-and-orbiter--WmW0pHpr3i/index.html

https://spacenews.com/change-5-spacecraft-smashes-into-moon-after-completing-mission/"
Chang'e 5 Return Capsule;Chang'e 5;Chang'e;-;;;23/11/2020;Long March 5;Wenchang, Peoples Republic of China;China National Space Administration;China;R-RTN;;;;Sample return (from orbit);;Success;;;Earth soft landing;E;Soft landed (Earth);16/12/2020;; ;;;;;;;;;;;;;;;;;;https://news.cgtn.com/news/2020-12-20/What-happened-to-Chang-e-5-s-ASCcender-lander-and-orbiter--WmW0pHpr3i/index.html
CAPSTONE;CAPSTONE;Artemis;-;2022-070A;;28/06/2022;Electron;Mahia Peninsula, New Zealand;NASA;USA;R-ORB;;;;Cislunar orbit;L2S NRHO;Active;;;Unknown;L2;Cislunar orbit (EML2);14/11/2022;;;;;Yes;;;;;;;;;;;;;;;
Korea Pathfinder Lunar Orbiter (KPLO);KPLO;Korean Lunar Exploration Program;-;2022-094A;;04/08/2022;Falcon 9;Cape Canaveral, United States;Korea Aerospace Research Institute;South Korea;R-ORB;;;;Orbit;;Active;;;Unknown;M;Orbit (Moon);16/12/2022;;;;;Yes;;;;;;;;;;;;;;;
ORION Vehicle;Artemis 1;Artemis;-;2022-156A;;16/11/2022;SLS Block 1 Crew;Cape Canaveral, United States;NASA;USA;C-ORB-U;;;;Multiple;Lunar flyby, DRO, flyby return;Success;;;Earth soft landing;E;Soft landed (Earth);11/12/2022;;;;;;;;;;;;;;;;;;;;Space track
Interim Cryogenic Propulsion Stage (ICPS);Artemis 1;Artemis;-;;;16/11/2022;SLS Block 1 Crew;Cape Canaveral, United States;NASA;USA;R-LAU;;;;TLI;;Success;;;Heliocentric orbit;S;Orbit (Sun);Unknown;;;;;Yes;;;;;;;;;;;;;;;
LunaH-Map;Artemis 1;Artemis;Interim Cryogenic Propulsion Stage (ICPS);;;16/11/2022;SLS Block 1 Crew;Cape Canaveral, United States;NASA;USA;R-ORB;;;;Orbit;;Active;Spacecraft malfunction;Failure to start propulsion;Unknown;E;Transfer (Earth);17/11/2022;;;;;No;;;;;;;;;;;;;;;
Lunar Ice Cube;Artemis 1;Artemis;Interim Cryogenic Propulsion Stage (ICPS);;;16/11/2022;SLS Block 1 Crew;Cape Canaveral, United States;NASA;USA;R-ORB;;;;Orbit;;Active;;;Unknown;E;Transfer (Earth);16/11/2022;;;;;No;;;;;;;;;;;;;;;
LunIR;Artemis 1;Artemis;Interim Cryogenic Propulsion Stage (ICPS);;;16/11/2022;SLS Block 1 Crew;Cape Canaveral, United States;NASA;USA;R-ORB;;;;Fly-by;;Success;;;Heliocentric orbit;S;Orbit (Sun);16/11/2022;;;;;No;;;;;;;;;;;;;;;
Omotenashi;Artemis 1;Artemis;Interim Cryogenic Propulsion Stage (ICPS);;;16/11/2022;SLS Block 1 Crew;Cape Canaveral, United States;JAXA;Japan;R-IMP;;;;Impact;;Failure;Spacecraft malfunction;Communication instable;Moon surface;S;Orbit (Sun);22/11/2022;;;;;Yes;;;;;;;;;;;;;;;
Equuleus;Artemis 1;Artemis;Interim Cryogenic Propulsion Stage (ICPS);;;16/11/2022;SLS Block 1 Crew;Cape Canaveral, United States;JAXA;Japan;R-ORB;;;;Cislunar orbit;L2S HALO (NRHO);Active;;;Unknown;E;Transfer (Earth);16/11/2022;;;;;No;;;;;;;;;;;;;;;
Hakuto-R ;Hakuto-R Mission 1;Hakuto-R ;-;2022-168A;;11/12/2022;Falcon 9;Cape Canaveral, United States;ispace;Japan;R-LND;;;;Soft landing;;Failure;Lander failure;;Moon surface;M;Impacted (unintentional);25/04/2023;;;47.5;44.4;No;;;;;;;;;;;;;;;
SORA-Q;Lunar Excursion Vehicle;;Hakuto-R ;;;11/12/2022;Falcon 9;Cape Canaveral, United States;JAXA;Japan;R-ROV;;;;Surface exploration;;Unproven;Lander failure;;Moon surface;M;Impacted (unintentional);25/04/2023;;;47.5;44.4;No;;;;;;;;;;;;;;;
Rashid;Emirates Lunar Mission;United Arab Emirates space program;Hakuto-R ;;;11/12/2022;Falcon 9;Cape Canaveral, United States;Mohammed bin Rashid Space Centre (MBRSC);United Arab Emirates;R-ROV;;;;Surface exploration;;Unproven;Lander failure;;Moon surface;M;Impacted (unintentional);25/04/2023;;;47.5;44.4;Yes;;;;;;;;;;;;;;;
Lunar Flashlight;Lunar Flashlight;NASA's Advanced Exploration Systems (AES);;2022-168B;;11/12/2022;Falcon 9;Cape Canaveral, United States;NASA;USA;R-ORB;;;;Fly-by;L2N NRHO  was scraped for engine malfunction;Active;;;Unknown;E;Orbit (Earth);Current;;;;;Yes;;;;;;;;;;;;;;;https://www.space.com/nasa-moon-probe-lunar-orbit-impossible, https://www.space.com/nasa-moon-probe-lunar-flashlight-one-month-fix
